ingredient_name,product_name,side_effects,precautions
메틸페니데이트 (Methylphenidate Hydrochloride),콘서타오로스서방정(콘서타OROS서방정),"불면, 식욕감소, 두통, 복통, 틱 ,신경과민, 불안, 우울감, 어지러움, 입안 건조, 구역, 체중감",이 약은 물과 함께 정제 그대로 복용해야 한다. 정제를 씹거나 자르거나 분쇄해서는 안된다. 이 약은 음식과 함께 복용하여도 무관하다.
메틸페니데이트 (Methylphenidate Hydrochloride),메디키넷리타드캡슐,"불면증, 긴장, 두통, 식욕감소, 불안정성, 과민, 부정맥, 심장장애, 위장관계 장애",이 약은 물과 함께 정제 그대로 복용해야 한다. 정제를 씹거나 자르거나 분쇄해서는 안된다. 이 약은 음식과 함께 복용하여도 무관하다.
메틸페니데이트 (Methylphenidate Hydrochloride),비스펜틴조절방출캡슐,"불면증, 두통, 식욕부진, 졸음, 신경질, 복통",이 약은 물과 함께 정제 그대로 복용해야 한다. 정제를 씹거나 자르거나 분쇄해서는 안된다. 이 약은 음식과 함께 복용하여도 무관하다.
메틸페니데이트 (Methylphenidate Hydrochloride),페니드정,"과민반응(피부발진, 두드러기, 발열, 관절통 등), 식욕부진, 구역, 어지러움, 두근거림, 두통, 이상운동증, 졸음, 혈압 및 맥박의 상승 및 감소, 빈맥, 협심증, 심부정맥, 복통, 장기간 투여 중 체중 감소, 운동 및 언어 틱",이 약은 물과 함께 정제 그대로 복용해야 한다. 정제를 씹거나 자르거나 분쇄해서는 안된다. 이 약은 음식과 함께 복용하여도 무관하다.
메틸페니데이트 (Methylphenidate Hydrochloride),페로스핀정,"불면증, 과민반응(피부발진, 두드러기, 발열, 관절통 등), 식욕부진, 구역, 어지러움, 두근거림, 두통, 이상운동증, 졸음, 혈압 및 맥박의 상승 및 감소, 빈맥, 협심증, 심부정맥, 복통, 장기간 투여 중 체중 감소, 운동 및 언어 틱",이 약은 물과 함께 정제 그대로 복용해야 한다. 정제를 씹거나 자르거나 분쇄해서는 안된다. 이 약은 음식과 함께 복용하여도 무관하다.
메틸페니데이트 (Methylphenidate Hydrochloride),스트라테라캡슐,"구역, 구강 건조, 식욕감소, 불면증, 피로, 위장관계 질환, 어지러움, 졸림",이 약은 물과 함께 정제 그대로 복용해야 한다. 정제를 씹거나 자르거나 분쇄해서는 안된다. 이 약은 음식과 함께 복용하여도 무관하다.
메틸페니데이트 (Methylphenidate Hydrochloride),환인아토목세틴캡슐,"구역, 구강 건조, 식욕감소, 불면증, 피로, 위장관계 질환, 어지러움, 졸림",이 약은 물과 함께 정제 그대로 복용해야 한다. 정제를 씹거나 자르거나 분쇄해서는 안된다. 이 약은 음식과 함께 복용하여도 무관하다.
메틸페니데이트 (Methylphenidate Hydrochloride),아토목신캡슐,"구역, 구강 건조, 식욕감소, 불면증, 피로, 위장관계 질환, 어지러움, 졸림",이 약은 물과 함께 정제 그대로 복용해야 한다. 정제를 씹거나 자르거나 분쇄해서는 안된다. 이 약은 음식과 함께 복용하여도 무관하다.
메틸페니데이트 (Methylphenidate Hydrochloride),도모틴캡슐,"구역, 구강 건조, 식욕감소, 불면증, 피로, 위장관계 질환, 어지러움, 졸림",이 약은 물과 함께 정제 그대로 복용해야 한다. 정제를 씹거나 자르거나 분쇄해서는 안된다. 이 약은 음식과 함께 복용하여도 무관하다.
클로니딘 (Clonidine Hydrochloride),켑베이서방정,"졸림, 두통, 상복부 통증, 피로, 진정 및 졸림, 갑작스러운 투여 중지시 반발성 고혈압",혈압을 떨어트림
플루옥세팀염산염(Fluoxetine Hydrochloride),국제플루옥세틴캡슐,"식욕감소, 불안, 신경과민, 긴장, 수면장애, 주의력 장애, 어지러움, 기면, 구토, 소화불량, 입안건조",이 약은 물과 함께 정제 그대로 복용해야 한다. 정제를 씹거나 자르거나 분쇄해서는 안된다. 이 약은 음식과 함께 복용하여도 무관하다.
플루옥세팀염산염(Fluoxetine Hydrochloride),노르작캡슐,"식욕감소, 불안, 신경과민, 긴장, 수면장애, 주의력 장애, 어지러움, 기면, 구토, 소화불량, 입안건조",이 약은 물과 함께 정제 그대로 복용해야 한다. 정제를 씹거나 자르거나 분쇄해서는 안된다. 이 약은 음식과 함께 복용하여도 무관하다.
플루옥세팀염산염(Fluoxetine Hydrochloride),노브세틴캡슐,"식욕감소, 불안, 신경과민, 긴장, 수면장애, 주의력 장애, 어지러움, 기면, 구토, 소화불량, 입안건조",이 약은 물과 함께 정제 그대로 복용해야 한다. 정제를 씹거나 자르거나 분쇄해서는 안된다. 이 약은 음식과 함께 복용하여도 무관하다.
플루옥세팀염산염(Fluoxetine Hydrochloride),대화염산플루옥세틴캡슐,"식욕감소, 불안, 신경과민, 긴장, 수면장애, 주의력 장애, 어지러움, 기면, 구토, 소화불량, 입안건조",이 약은 물과 함께 정제 그대로 복용해야 한다. 정제를 씹거나 자르거나 분쇄해서는 안된다. 이 약은 음식과 함께 복용하여도 무관하다.
플루옥세팀염산염(Fluoxetine Hydrochloride),디프렌캡슐,"식욕감소, 불안, 신경과민, 긴장, 수면장애, 주의력 장애, 어지러움, 기면, 구토, 소화불량, 입안건조",이 약은 물과 함께 정제 그대로 복용해야 한다. 정제를 씹거나 자르거나 분쇄해서는 안된다. 이 약은 음식과 함께 복용하여도 무관하다.
플루옥세팀염산염(Fluoxetine Hydrochloride),로랑캡슐,"식욕감소, 불안, 신경과민, 긴장, 수면장애, 주의력 장애, 어지러움, 기면, 구토, 소화불량, 입안건조",이 약은 물과 함께 정제 그대로 복용해야 한다. 정제를 씹거나 자르거나 분쇄해서는 안된다. 이 약은 음식과 함께 복용하여도 무관하다.
플루옥세팀염산염(Fluoxetine Hydrochloride),로세탄캡슐,"식욕감소, 불안, 신경과민, 긴장, 수면장애, 주의력 장애, 어지러움, 기면, 구토, 소화불량, 입안건조",이 약은 물과 함께 정제 그대로 복용해야 한다. 정제를 씹거나 자르거나 분쇄해서는 안된다. 이 약은 음식과 함께 복용하여도 무관하다.
플루옥세팀염산염(Fluoxetine Hydrochloride),로틴캡슐,"식욕감소, 불안, 신경과민, 긴장, 수면장애, 주의력 장애, 어지러움, 기면, 구토, 소화불량, 입안건조",이 약은 물과 함께 정제 그대로 복용해야 한다. 정제를 씹거나 자르거나 분쇄해서는 안된다. 이 약은 음식과 함께 복용하여도 무관하다.
플루옥세팀염산염(Fluoxetine Hydrochloride),루세틴캡슐,"식욕감소, 불안, 신경과민, 긴장, 수면장애, 주의력 장애, 어지러움, 기면, 구토, 소화불량, 입안건조",이 약은 물과 함께 정제 그대로 복용해야 한다. 정제를 씹거나 자르거나 분쇄해서는 안된다. 이 약은 음식과 함께 복용하여도 무관하다.
플루옥세팀염산염(Fluoxetine Hydrochloride),리옥틴캡슐,"식욕감소, 불안, 신경과민, 긴장, 수면장애, 주의력 장애, 어지러움, 기면, 구토, 소화불량, 입안건조",이 약은 물과 함께 정제 그대로 복용해야 한다. 정제를 씹거나 자르거나 분쇄해서는 안된다. 이 약은 음식과 함께 복용하여도 무관하다.
플루옥세팀염산염(Fluoxetine Hydrochloride),미세틴캡슐,"식욕감소, 불안, 신경과민, 긴장, 수면장애, 주의력 장애, 어지러움, 기면, 구토, 소화불량, 입안건조",이 약은 물과 함께 정제 그대로 복용해야 한다. 정제를 씹거나 자르거나 분쇄해서는 안된다. 이 약은 음식과 함께 복용하여도 무관하다.
플루옥세팀염산염(Fluoxetine Hydrochloride),세로세틴캡슐,"식욕감소, 불안, 신경과민, 긴장, 수면장애, 주의력 장애, 어지러움, 기면, 구토, 소화불량, 입안건조",이 약은 물과 함께 정제 그대로 복용해야 한다. 정제를 씹거나 자르거나 분쇄해서는 안된다. 이 약은 음식과 함께 복용하여도 무관하다.
플루옥세팀염산염(Fluoxetine Hydrochloride),셀렉틴캡슐,"식욕감소, 불안, 신경과민, 긴장, 수면장애, 주의력 장애, 어지러움, 기면, 구토, 소화불량, 입안건조",이 약은 물과 함께 정제 그대로 복용해야 한다. 정제를 씹거나 자르거나 분쇄해서는 안된다. 이 약은 음식과 함께 복용하여도 무관하다.
플루옥세팀염산염(Fluoxetine Hydrochloride),슬리세틴캡슐,"식욕감소, 불안, 신경과민, 긴장, 수면장애, 주의력 장애, 어지러움, 기면, 구토, 소화불량, 입안건조",이 약은 물과 함께 정제 그대로 복용해야 한다. 정제를 씹거나 자르거나 분쇄해서는 안된다. 이 약은 음식과 함께 복용하여도 무관하다.
플루옥세팀염산염(Fluoxetine Hydrochloride),시세틴캡슐,"식욕감소, 불안, 신경과민, 긴장, 수면장애, 주의력 장애, 어지러움, 기면, 구토, 소화불량, 입안건조",이 약은 물과 함께 정제 그대로 복용해야 한다. 정제를 씹거나 자르거나 분쇄해서는 안된다. 이 약은 음식과 함께 복용하여도 무관하다.
플루옥세팀염산염(Fluoxetine Hydrochloride),시플세틴캡슐,"식욕감소, 불안, 신경과민, 긴장, 수면장애, 주의력 장애, 어지러움, 기면, 구토, 소화불량, 입안건조",이 약은 물과 함께 정제 그대로 복용해야 한다. 정제를 씹거나 자르거나 분쇄해서는 안된다. 이 약은 음식과 함께 복용하여도 무관하다.
플루옥세팀염산염(Fluoxetine Hydrochloride),아이세틴캡슐,"식욕감소, 불안, 신경과민, 긴장, 수면장애, 주의력 장애, 어지러움, 기면, 구토, 소화불량, 입안건조",이 약은 물과 함께 정제 그대로 복용해야 한다. 정제를 씹거나 자르거나 분쇄해서는 안된다. 이 약은 음식과 함께 복용하여도 무관하다.
플루옥세팀염산염(Fluoxetine Hydrochloride),앤티프레스캡슐,"식욕감소, 불안, 신경과민, 긴장, 수면장애, 주의력 장애, 어지러움, 기면, 구토, 소화불량, 입안건조",이 약은 물과 함께 정제 그대로 복용해야 한다. 정제를 씹거나 자르거나 분쇄해서는 안된다. 이 약은 음식과 함께 복용하여도 무관하다.
플루옥세팀염산염(Fluoxetine Hydrochloride),엘렉틴캡슐,"식욕감소, 불안, 신경과민, 긴장, 수면장애, 주의력 장애, 어지러움, 기면, 구토, 소화불량, 입안건조",이 약은 물과 함께 정제 그대로 복용해야 한다. 정제를 씹거나 자르거나 분쇄해서는 안된다. 이 약은 음식과 함께 복용하여도 무관하다.
플루옥세팀염산염(Fluoxetine Hydrochloride),영진플루옥세틴캡슐,"식욕감소, 불안, 신경과민, 긴장, 수면장애, 주의력 장애, 어지러움, 기면, 구토, 소화불량, 입안건조",이 약은 물과 함께 정제 그대로 복용해야 한다. 정제를 씹거나 자르거나 분쇄해서는 안된다. 이 약은 음식과 함께 복용하여도 무관하다.
플루옥세팀염산염(Fluoxetine Hydrochloride),영프록틴캡슐,"식욕감소, 불안, 신경과민, 긴장, 수면장애, 주의력 장애, 어지러움, 기면, 구토, 소화불량, 입안건조",이 약은 물과 함께 정제 그대로 복용해야 한다. 정제를 씹거나 자르거나 분쇄해서는 안된다. 이 약은 음식과 함께 복용하여도 무관하다.
플루옥세팀염산염(Fluoxetine Hydrochloride),오베틴캡슐,"식욕감소, 불안, 신경과민, 긴장, 수면장애, 주의력 장애, 어지러움, 기면, 구토, 소화불량, 입안건조",이 약은 물과 함께 정제 그대로 복용해야 한다. 정제를 씹거나 자르거나 분쇄해서는 안된다. 이 약은 음식과 함께 복용하여도 무관하다.
플루옥세팀염산염(Fluoxetine Hydrochloride),오베플루캡슐,"식욕감소, 불안, 신경과민, 긴장, 수면장애, 주의력 장애, 어지러움, 기면, 구토, 소화불량, 입안건조",이 약은 물과 함께 정제 그대로 복용해야 한다. 정제를 씹거나 자르거나 분쇄해서는 안된다. 이 약은 음식과 함께 복용하여도 무관하다.
플루옥세팀염산염(Fluoxetine Hydrochloride),옥세틴캡슐,"식욕감소, 불안, 신경과민, 긴장, 수면장애, 주의력 장애, 어지러움, 기면, 구토, 소화불량, 입안건조",이 약은 물과 함께 정제 그대로 복용해야 한다. 정제를 씹거나 자르거나 분쇄해서는 안된다. 이 약은 음식과 함께 복용하여도 무관하다.
플루옥세팀염산염(Fluoxetine Hydrochloride),옥시그린캡슐,"식욕감소, 불안, 신경과민, 긴장, 수면장애, 주의력 장애, 어지러움, 기면, 구토, 소화불량, 입안건조",이 약은 물과 함께 정제 그대로 복용해야 한다. 정제를 씹거나 자르거나 분쇄해서는 안된다. 이 약은 음식과 함께 복용하여도 무관하다.
플루옥세팀염산염(Fluoxetine Hydrochloride),웰피트캡슐,"식욕감소, 불안, 신경과민, 긴장, 수면장애, 주의력 장애, 어지러움, 기면, 구토, 소화불량, 입안건조",이 약은 물과 함께 정제 그대로 복용해야 한다. 정제를 씹거나 자르거나 분쇄해서는 안된다. 이 약은 음식과 함께 복용하여도 무관하다.
플루옥세팀염산염(Fluoxetine Hydrochloride),유니작정,"식욕감소, 불안, 신경과민, 긴장, 수면장애, 주의력 장애, 어지러움, 기면, 구토, 소화불량, 입안건조",이 약은 물과 함께 정제 그대로 복용해야 한다. 정제를 씹거나 자르거나 분쇄해서는 안된다. 이 약은 음식과 함께 복용하여도 무관하다.
플루옥세팀염산염(Fluoxetine Hydrochloride),유니작캡슐,"식욕감소, 불안, 신경과민, 긴장, 수면장애, 주의력 장애, 어지러움, 기면, 구토, 소화불량, 입안건조",이 약은 물과 함께 정제 그대로 복용해야 한다. 정제를 씹거나 자르거나 분쇄해서는 안된다. 이 약은 음식과 함께 복용하여도 무관하다.
플루옥세팀염산염(Fluoxetine Hydrochloride),유로작캡슐,"식욕감소, 불안, 신경과민, 긴장, 수면장애, 주의력 장애, 어지러움, 기면, 구토, 소화불량, 입안건조",이 약은 물과 함께 정제 그대로 복용해야 한다. 정제를 씹거나 자르거나 분쇄해서는 안된다. 이 약은 음식과 함께 복용하여도 무관하다.
플루옥세팀염산염(Fluoxetine Hydrochloride),제로작캡슐,"식욕감소, 불안, 신경과민, 긴장, 수면장애, 주의력 장애, 어지러움, 기면, 구토, 소화불량, 입안건조",이 약은 물과 함께 정제 그대로 복용해야 한다. 정제를 씹거나 자르거나 분쇄해서는 안된다. 이 약은 음식과 함께 복용하여도 무관하다.
플루옥세팀염산염(Fluoxetine Hydrochloride),펄세틴캡슐,"식욕감소, 불안, 신경과민, 긴장, 수면장애, 주의력 장애, 어지러움, 기면, 구토, 소화불량, 입안건조",이 약은 물과 함께 정제 그대로 복용해야 한다. 정제를 씹거나 자르거나 분쇄해서는 안된다. 이 약은 음식과 함께 복용하여도 무관하다.
플루옥세팀염산염(Fluoxetine Hydrochloride),폭세틴캡슐,"식욕감소, 불안, 신경과민, 긴장, 수면장애, 주의력 장애, 어지러움, 기면, 구토, 소화불량, 입안건조",이 약은 물과 함께 정제 그대로 복용해야 한다. 정제를 씹거나 자르거나 분쇄해서는 안된다. 이 약은 음식과 함께 복용하여도 무관하다.
플루옥세팀염산염(Fluoxetine Hydrochloride),폴세틴캡슐,"식욕감소, 불안, 신경과민, 긴장, 수면장애, 주의력 장애, 어지러움, 기면, 구토, 소화불량, 입안건조",이 약은 물과 함께 정제 그대로 복용해야 한다. 정제를 씹거나 자르거나 분쇄해서는 안된다. 이 약은 음식과 함께 복용하여도 무관하다.
플루옥세팀염산염(Fluoxetine Hydrochloride),푸로렌캡슐,"식욕감소, 불안, 신경과민, 긴장, 수면장애, 주의력 장애, 어지러움, 기면, 구토, 소화불량, 입안건조",이 약은 물과 함께 정제 그대로 복용해야 한다. 정제를 씹거나 자르거나 분쇄해서는 안된다. 이 약은 음식과 함께 복용하여도 무관하다.
플루옥세팀염산염(Fluoxetine Hydrochloride),푸로세틴캡슐,"식욕감소, 불안, 신경과민, 긴장, 수면장애, 주의력 장애, 어지러움, 기면, 구토, 소화불량, 입안건조",이 약은 물과 함께 정제 그대로 복용해야 한다. 정제를 씹거나 자르거나 분쇄해서는 안된다. 이 약은 음식과 함께 복용하여도 무관하다.
플루옥세팀염산염(Fluoxetine Hydrochloride),푸로작캡슐,"식욕감소, 불안, 신경과민, 긴장, 수면장애, 주의력 장애, 어지러움, 기면, 구토, 소화불량, 입안건조",이 약은 물과 함께 정제 그대로 복용해야 한다. 정제를 씹거나 자르거나 분쇄해서는 안된다. 이 약은 음식과 함께 복용하여도 무관하다.
플루옥세팀염산염(Fluoxetine Hydrochloride),푸로틴캡슐,"식욕감소, 불안, 신경과민, 긴장, 수면장애, 주의력 장애, 어지러움, 기면, 구토, 소화불량, 입안건조",이 약은 물과 함께 정제 그대로 복용해야 한다. 정제를 씹거나 자르거나 분쇄해서는 안된다. 이 약은 음식과 함께 복용하여도 무관하다.
플루옥세팀염산염(Fluoxetine Hydrochloride),푸록세틴캡슐,"식욕감소, 불안, 신경과민, 긴장, 수면장애, 주의력 장애, 어지러움, 기면, 구토, 소화불량, 입안건조",이 약은 물과 함께 정제 그대로 복용해야 한다. 정제를 씹거나 자르거나 분쇄해서는 안된다. 이 약은 음식과 함께 복용하여도 무관하다.
플루옥세팀염산염(Fluoxetine Hydrochloride),푸록틴캡슐,"식욕감소, 불안, 신경과민, 긴장, 수면장애, 주의력 장애, 어지러움, 기면, 구토, 소화불량, 입안건조",이 약은 물과 함께 정제 그대로 복용해야 한다. 정제를 씹거나 자르거나 분쇄해서는 안된다. 이 약은 음식과 함께 복용하여도 무관하다.
플루옥세팀염산염(Fluoxetine Hydrochloride),푸록틴확산정,"식욕감소, 불안, 신경과민, 긴장, 수면장애, 주의력 장애, 어지러움, 기면, 구토, 소화불량, 입안건조",이 약은 물과 함께 정제 그대로 복용해야 한다. 정제를 씹거나 자르거나 분쇄해서는 안된다. 이 약은 음식과 함께 복용하여도 무관하다.
플루옥세팀염산염(Fluoxetine Hydrochloride),푸루세틴캡슐,"식욕감소, 불안, 신경과민, 긴장, 수면장애, 주의력 장애, 어지러움, 기면, 구토, 소화불량, 입안건조",이 약은 물과 함께 정제 그대로 복용해야 한다. 정제를 씹거나 자르거나 분쇄해서는 안된다. 이 약은 음식과 함께 복용하여도 무관하다.
플루옥세팀염산염(Fluoxetine Hydrochloride),푸세틴캡슐,"식욕감소, 불안, 신경과민, 긴장, 수면장애, 주의력 장애, 어지러움, 기면, 구토, 소화불량, 입안건조",이 약은 물과 함께 정제 그대로 복용해야 한다. 정제를 씹거나 자르거나 분쇄해서는 안된다. 이 약은 음식과 함께 복용하여도 무관하다.
플루옥세팀염산염(Fluoxetine Hydrochloride),프라작캡슐,"식욕감소, 불안, 신경과민, 긴장, 수면장애, 주의력 장애, 어지러움, 기면, 구토, 소화불량, 입안건조",이 약은 물과 함께 정제 그대로 복용해야 한다. 정제를 씹거나 자르거나 분쇄해서는 안된다. 이 약은 음식과 함께 복용하여도 무관하다.
플루옥세팀염산염(Fluoxetine Hydrochloride),프로닌캡슐,"식욕감소, 불안, 신경과민, 긴장, 수면장애, 주의력 장애, 어지러움, 기면, 구토, 소화불량, 입안건조",이 약은 물과 함께 정제 그대로 복용해야 한다. 정제를 씹거나 자르거나 분쇄해서는 안된다. 이 약은 음식과 함께 복용하여도 무관하다.
플루옥세팀염산염(Fluoxetine Hydrochloride),프로세틴캡슐,"식욕감소, 불안, 신경과민, 긴장, 수면장애, 주의력 장애, 어지러움, 기면, 구토, 소화불량, 입안건조",이 약은 물과 함께 정제 그대로 복용해야 한다. 정제를 씹거나 자르거나 분쇄해서는 안된다. 이 약은 음식과 함께 복용하여도 무관하다.
플루옥세팀염산염(Fluoxetine Hydrochloride),프릭딘캡슐,"식욕감소, 불안, 신경과민, 긴장, 수면장애, 주의력 장애, 어지러움, 기면, 구토, 소화불량, 입안건조",이 약은 물과 함께 정제 그대로 복용해야 한다. 정제를 씹거나 자르거나 분쇄해서는 안된다. 이 약은 음식과 함께 복용하여도 무관하다.
플루옥세팀염산염(Fluoxetine Hydrochloride),플로세틴캡슐,"식욕감소, 불안, 신경과민, 긴장, 수면장애, 주의력 장애, 어지러움, 기면, 구토, 소화불량, 입안건조",이 약은 물과 함께 정제 그대로 복용해야 한다. 정제를 씹거나 자르거나 분쇄해서는 안된다. 이 약은 음식과 함께 복용하여도 무관하다.
플루옥세팀염산염(Fluoxetine Hydrochloride),플록틴정,"식욕감소, 불안, 신경과민, 긴장, 수면장애, 주의력 장애, 어지러움, 기면, 구토, 소화불량, 입안건조",이 약은 물과 함께 정제 그대로 복용해야 한다. 정제를 씹거나 자르거나 분쇄해서는 안된다. 이 약은 음식과 함께 복용하여도 무관하다.
플루옥세팀염산염(Fluoxetine Hydrochloride),플록틴캡슐,"식욕감소, 불안, 신경과민, 긴장, 수면장애, 주의력 장애, 어지러움, 기면, 구토, 소화불량, 입안건조",이 약은 물과 함께 정제 그대로 복용해야 한다. 정제를 씹거나 자르거나 분쇄해서는 안된다. 이 약은 음식과 함께 복용하여도 무관하다.
플루옥세팀염산염(Fluoxetine Hydrochloride),플루민캡슐,"식욕감소, 불안, 신경과민, 긴장, 수면장애, 주의력 장애, 어지러움, 기면, 구토, 소화불량, 입안건조",이 약은 물과 함께 정제 그대로 복용해야 한다. 정제를 씹거나 자르거나 분쇄해서는 안된다. 이 약은 음식과 함께 복용하여도 무관하다.
플루옥세팀염산염(Fluoxetine Hydrochloride),플루세틴캡슐,"식욕감소, 불안, 신경과민, 긴장, 수면장애, 주의력 장애, 어지러움, 기면, 구토, 소화불량, 입안건조",이 약은 물과 함께 정제 그대로 복용해야 한다. 정제를 씹거나 자르거나 분쇄해서는 안된다. 이 약은 음식과 함께 복용하여도 무관하다.
플루옥세팀염산염(Fluoxetine Hydrochloride),플루젠캡슐,"식욕감소, 불안, 신경과민, 긴장, 수면장애, 주의력 장애, 어지러움, 기면, 구토, 소화불량, 입안건조",이 약은 물과 함께 정제 그대로 복용해야 한다. 정제를 씹거나 자르거나 분쇄해서는 안된다. 이 약은 음식과 함께 복용하여도 무관하다.
플루옥세팀염산염(Fluoxetine Hydrochloride),플루틴캡슐,"식욕감소, 불안, 신경과민, 긴장, 수면장애, 주의력 장애, 어지러움, 기면, 구토, 소화불량, 입안건조",이 약은 물과 함께 정제 그대로 복용해야 한다. 정제를 씹거나 자르거나 분쇄해서는 안된다. 이 약은 음식과 함께 복용하여도 무관하다.
플루옥세팀염산염(Fluoxetine Hydrochloride),피엠에스플루옥세틴캡슐,"식욕감소, 불안, 신경과민, 긴장, 수면장애, 주의력 장애, 어지러움, 기면, 구토, 소화불량, 입안건조",이 약은 물과 함께 정제 그대로 복용해야 한다. 정제를 씹거나 자르거나 분쇄해서는 안된다. 이 약은 음식과 함께 복용하여도 무관하다.
이미프라민염산염 (Imipramine Hydrochloride),명인이미프라민염산염정,"운동마비, 심한 근육강직, 연하곤란, 빈맥, 혈압변화, 발한, 심부전, 자살 성향의 증가, 간질발작, 추체외로장애",이 약은 물과 함께 정제 그대로 복용해야 한다. 정제를 씹거나 자르거나 분쇄해서는 안된다. 이 약은 음식과 함께 복용하여도 무관하다.
부프로피온염산염 (Bupropion Hydrochloride),부로피온정,"식욕부진, 식욕증가, 어지러움, 흥분, 구갈, 불면증, 두통, 편두통, 구역, 구토, 변비",이 약은 물과 함께 정제 그대로 복용해야 한다. 정제를 씹거나 자르거나 분쇄해서는 안된다. 이 약은 음식과 함께 복용하여도 무관하다.
부프로피온염산염 (Bupropion Hydrochloride),부프론정,"식욕부진, 식욕증가, 어지러움, 흥분, 구갈, 불면증, 두통, 편두통, 구역, 구토, 변비",이 약은 물과 함께 정제 그대로 복용해야 한다. 정제를 씹거나 자르거나 분쇄해서는 안된다. 이 약은 음식과 함께 복용하여도 무관하다.
부프로피온염산염 (Bupropion Hydrochloride),애드피온서방정,"식욕부진, 식욕증가, 어지러움, 흥분, 구갈, 불면증, 두통, 편두통, 구역, 구토, 변비",이 약은 물과 함께 정제 그대로 복용해야 한다. 정제를 씹거나 자르거나 분쇄해서는 안된다. 이 약은 음식과 함께 복용하여도 무관하다.
부프로피온염산염 (Bupropion Hydrochloride),웰부트린엑스엘정,"식욕부진, 식욕증가, 어지러움, 흥분, 구갈, 불면증, 두통, 편두통, 구역, 구토, 변비",이 약은 물과 함께 정제 그대로 복용해야 한다. 정제를 씹거나 자르거나 분쇄해서는 안된다. 이 약은 음식과 함께 복용하여도 무관하다.
부프로피온염산염 (Bupropion Hydrochloride),웰서방정,"식욕부진, 식욕증가, 어지러움, 흥분, 구갈, 불면증, 두통, 편두통, 구역, 구토, 변비",이 약은 물과 함께 정제 그대로 복용해야 한다. 정제를 씹거나 자르거나 분쇄해서는 안된다. 이 약은 음식과 함께 복용하여도 무관하다.
부프로피온염산염 (Bupropion Hydrochloride),웰정,"식욕부진, 식욕증가, 어지러움, 흥분, 구갈, 불면증, 두통, 편두통, 구역, 구토, 변비",이 약은 물과 함께 정제 그대로 복용해야 한다. 정제를 씹거나 자르거나 분쇄해서는 안된다. 이 약은 음식과 함께 복용하여도 무관하다.
부프로피온염산염 (Bupropion Hydrochloride),제로피온서방정,"식욕부진, 식욕증가, 어지러움, 흥분, 구갈, 불면증, 두통, 편두통, 구역, 구토, 변비",이 약은 물과 함께 정제 그대로 복용해야 한다. 정제를 씹거나 자르거나 분쇄해서는 안된다. 이 약은 음식과 함께 복용하여도 무관하다.
부프로피온염산염 (Bupropion Hydrochloride),파피온서방정,"식욕부진, 식욕증가, 어지러움, 흥분, 구갈, 불면증, 두통, 편두통, 구역, 구토, 변비",이 약은 물과 함께 정제 그대로 복용해야 한다. 정제를 씹거나 자르거나 분쇄해서는 안된다. 이 약은 음식과 함께 복용하여도 무관하다.
부프로피온염산염 (Bupropion Hydrochloride),헬스피온서방정,"식욕부진, 식욕증가, 어지러움, 흥분, 구갈, 불면증, 두통, 편두통, 구역, 구토, 변비",이 약은 물과 함께 정제 그대로 복용해야 한다. 정제를 씹거나 자르거나 분쇄해서는 안된다. 이 약은 음식과 함께 복용하여도 무관하다.
클로미프라민염산염(Clomipramine Hydrochloride),그로민캡슐,"운동마비, 심한근육강직, 연하곤란, 빈맥, 혈압변화, 발한, 자살성향의 증가, 졸음 , 피로, 식욕증가, 어지러움 ,진전",이 약은 물과 함께 정제 그대로 복용해야 한다. 정제를 씹거나 자르거나 분쇄해서는 안된다. 이 약은 음식과 함께 복용하여도 무관하다.
클로미프라민염산염(Clomipramine Hydrochloride),환인염산클로미프라민캡슐,"운동마비, 심한근육강직, 연하곤란, 빈맥, 혈압변화, 발한, 자살성향의 증가, 졸음 , 피로, 식욕증가, 어지러움 ,진전",이 약은 물과 함께 정제 그대로 복용해야 한다. 정제를 씹거나 자르거나 분쇄해서는 안된다. 이 약은 음식과 함께 복용하여도 무관하다.
티아넵틴나트륨(Sodium Tianeptine),건일티아넵틴정,"식욕부진, 악몽, 불면증, 졸음, 현기증, 두통, 기절, 떨림, 심계항진, 기외수축, 흉통, 호흡곤란, 근육통",이 약은 물과 함께 정제 그대로 복용해야 한다. 정제를 씹거나 자르거나 분쇄해서는 안된다. 이 약은 음식과 함께 복용하여도 무관하다.
티아넵틴나트륨(Sodium Tianeptine),넵틴정,"식욕부진, 악몽, 불면증, 졸음, 현기증, 두통, 기절, 떨림, 심계항진, 기외수축, 흉통, 호흡곤란, 근육통",이 약은 물과 함께 정제 그대로 복용해야 한다. 정제를 씹거나 자르거나 분쇄해서는 안된다. 이 약은 음식과 함께 복용하여도 무관하다.
티아넵틴나트륨(Sodium Tianeptine),디프론정,"식욕부진, 악몽, 불면증, 졸음, 현기증, 두통, 기절, 떨림, 심계항진, 기외수축, 흉통, 호흡곤란, 근육통",이 약은 물과 함께 정제 그대로 복용해야 한다. 정제를 씹거나 자르거나 분쇄해서는 안된다. 이 약은 음식과 함께 복용하여도 무관하다.
티아넵틴나트륨(Sodium Tianeptine),스타넵틴정,"식욕부진, 악몽, 불면증, 졸음, 현기증, 두통, 기절, 떨림, 심계항진, 기외수축, 흉통, 호흡곤란, 근육통",이 약은 물과 함께 정제 그대로 복용해야 한다. 정제를 씹거나 자르거나 분쇄해서는 안된다. 이 약은 음식과 함께 복용하여도 무관하다.
티아넵틴나트륨(Sodium Tianeptine),스티론정,"식욕부진, 악몽, 불면증, 졸음, 현기증, 두통, 기절, 떨림, 심계항진, 기외수축, 흉통, 호흡곤란, 근육통",이 약은 물과 함께 정제 그대로 복용해야 한다. 정제를 씹거나 자르거나 분쇄해서는 안된다. 이 약은 음식과 함께 복용하여도 무관하다.
티아넵틴나트륨(Sodium Tianeptine),스티아론정,"식욕부진, 악몽, 불면증, 졸음, 현기증, 두통, 기절, 떨림, 심계항진, 기외수축, 흉통, 호흡곤란, 근육통",이 약은 물과 함께 정제 그대로 복용해야 한다. 정제를 씹거나 자르거나 분쇄해서는 안된다. 이 약은 음식과 함께 복용하여도 무관하다.
티아넵틴나트륨(Sodium Tianeptine),아주브론정,"식욕부진, 악몽, 불면증, 졸음, 현기증, 두통, 기절, 떨림, 심계항진, 기외수축, 흉통, 호흡곤란, 근육통",이 약은 물과 함께 정제 그대로 복용해야 한다. 정제를 씹거나 자르거나 분쇄해서는 안된다. 이 약은 음식과 함께 복용하여도 무관하다.
티아넵틴나트륨(Sodium Tianeptine),케이넵틴정,"식욕부진, 악몽, 불면증, 졸음, 현기증, 두통, 기절, 떨림, 심계항진, 기외수축, 흉통, 호흡곤란, 근육통",이 약은 물과 함께 정제 그대로 복용해야 한다. 정제를 씹거나 자르거나 분쇄해서는 안된다. 이 약은 음식과 함께 복용하여도 무관하다.
티아넵틴나트륨(Sodium Tianeptine),티아네틴정,"식욕부진, 악몽, 불면증, 졸음, 현기증, 두통, 기절, 떨림, 심계항진, 기외수축, 흉통, 호흡곤란, 근육통",이 약은 물과 함께 정제 그대로 복용해야 한다. 정제를 씹거나 자르거나 분쇄해서는 안된다. 이 약은 음식과 함께 복용하여도 무관하다.
티아넵틴나트륨(Sodium Tianeptine),티아론정,"식욕부진, 악몽, 불면증, 졸음, 현기증, 두통, 기절, 떨림, 심계항진, 기외수축, 흉통, 호흡곤란, 근육통",이 약은 물과 함께 정제 그대로 복용해야 한다. 정제를 씹거나 자르거나 분쇄해서는 안된다. 이 약은 음식과 함께 복용하여도 무관하다.
티아넵틴나트륨(Sodium Tianeptine),티아본정,"식욕부진, 악몽, 불면증, 졸음, 현기증, 두통, 기절, 떨림, 심계항진, 기외수축, 흉통, 호흡곤란, 근육통",이 약은 물과 함께 정제 그대로 복용해야 한다. 정제를 씹거나 자르거나 분쇄해서는 안된다. 이 약은 음식과 함께 복용하여도 무관하다.
티아넵틴나트륨(Sodium Tianeptine),티아스틴정,"식욕부진, 악몽, 불면증, 졸음, 현기증, 두통, 기절, 떨림, 심계항진, 기외수축, 흉통, 호흡곤란, 근육통",이 약은 물과 함께 정제 그대로 복용해야 한다. 정제를 씹거나 자르거나 분쇄해서는 안된다. 이 약은 음식과 함께 복용하여도 무관하다.
티아넵틴나트륨(Sodium Tianeptine),하이넵틴정,"식욕부진, 악몽, 불면증, 졸음, 현기증, 두통, 기절, 떨림, 심계항진, 기외수축, 흉통, 호흡곤란, 근육통",이 약은 물과 함께 정제 그대로 복용해야 한다. 정제를 씹거나 자르거나 분쇄해서는 안된다. 이 약은 음식과 함께 복용하여도 무관하다.
데스벤라팍신벤조산염(Desvenlafaxine Benzoate),데스베라서방정,"구역, 현기증, 불면증, 다한증, 변비, 졸음증, 식욕감퇴, 불안 및 특정 남성 성기능장애",이 약은 물과 함께 정제 그대로 복용해야 한다. 정제를 씹거나 자르거나 분쇄해서는 안된다. 이 약은 음식과 함께 복용하여도 무관하다.
데스벤라팍신벤조산염(Desvenlafaxine Benzoate),에스벤서방정,"구역, 현기증, 불면증, 다한증, 변비, 졸음증, 식욕감퇴, 불안 및 특정 남성 성기능장애",이 약은 물과 함께 정제 그대로 복용해야 한다. 정제를 씹거나 자르거나 분쇄해서는 안된다. 이 약은 음식과 함께 복용하여도 무관하다.
데스벤라팍신벤조산염(Desvenlafaxine Benzoate),프리넥사서방정,"구역, 현기증, 불면증, 다한증, 변비, 졸음증, 식욕감퇴, 불안 및 특정 남성 성기능장애",이 약은 물과 함께 정제 그대로 복용해야 한다. 정제를 씹거나 자르거나 분쇄해서는 안된다. 이 약은 음식과 함께 복용하여도 무관하다.
에티졸람(Etizolam),데파스정,"의존성, 호흡억제, 횡문근융해증, 간질성 퍠렴, 간기능 장애",이 약은 물과 함께 정제 그대로 복용해야 한다. 정제를 씹거나 자르거나 분쇄해서는 안된다. 이 약은 음식과 함께 복용하여도 무관하다.
미르타자핀(Mirtazapine),레메론솔탭정,"졸음, 구강건조, 식욕증가, 변비, 체중증가","이 약의 치료 용량은 환자의 임상 상태에 따라 조절되어져야 하며, 가능한 최소 유효량을 투여해야 한다."
미르타자핀(Mirtazapine),레메론정,"졸음, 구강건조, 식욕증가, 변비, 체중증가","이 약의 치료 용량은 환자의 임상 상태에 따라 조절되어져야 하며, 가능한 최소 유효량을 투여해야 한다."
미르타자핀(Mirtazapine),멀타핀정,"졸음, 구강건조, 식욕증가, 변비, 체중증가","이 약의 치료 용량은 환자의 임상 상태에 따라 조절되어져야 하며, 가능한 최소 유효량을 투여해야 한다."
미르타자핀(Mirtazapine),명문미르타오디정,"졸음, 구강건조, 식욕증가, 변비, 체중증가","이 약의 치료 용량은 환자의 임상 상태에 따라 조절되어져야 하며, 가능한 최소 유효량을 투여해야 한다."
미르타자핀(Mirtazapine),미르젠탁오디정,"졸음, 구강건조, 식욕증가, 변비, 체중증가","이 약의 치료 용량은 환자의 임상 상태에 따라 조절되어져야 하며, 가능한 최소 유효량을 투여해야 한다."
미르타자핀(Mirtazapine),미르젠탁정,"졸음, 구강건조, 식욕증가, 변비, 체중증가","이 약의 치료 용량은 환자의 임상 상태에 따라 조절되어져야 하며, 가능한 최소 유효량을 투여해야 한다."
미르타자핀(Mirtazapine),미르탁스오디티정,"졸음, 구강건조, 식욕증가, 변비, 체중증가","이 약의 치료 용량은 환자의 임상 상태에 따라 조절되어져야 하며, 가능한 최소 유효량을 투여해야 한다."
미르타자핀(Mirtazapine),미르탁스정,"졸음, 구강건조, 식욕증가, 변비, 체중증가","이 약의 치료 용량은 환자의 임상 상태에 따라 조절되어져야 하며, 가능한 최소 유효량을 투여해야 한다."
미르타자핀(Mirtazapine),밀타오디정,"졸음, 구강건조, 식욕증가, 변비, 체중증가","이 약의 치료 용량은 환자의 임상 상태에 따라 조절되어져야 하며, 가능한 최소 유효량을 투여해야 한다."
미르타자핀(Mirtazapine),밀타정,"졸음, 구강건조, 식욕증가, 변비, 체중증가","이 약의 치료 용량은 환자의 임상 상태에 따라 조절되어져야 하며, 가능한 최소 유효량을 투여해야 한다."
미르타자핀(Mirtazapine),영진멀타자핀정,"졸음, 구강건조, 식욕증가, 변비, 체중증가","이 약의 치료 용량은 환자의 임상 상태에 따라 조절되어져야 하며, 가능한 최소 유효량을 투여해야 한다."
미르타자핀(Mirtazapine),파마멀타자핀정,"졸음, 구강건조, 식욕증가, 변비, 체중증가","이 약의 치료 용량은 환자의 임상 상태에 따라 조절되어져야 하며, 가능한 최소 유효량을 투여해야 한다."
트라조돈염산염(Trazodone Hydrochloride),트리티코정,"운동성 마비, 심한 근육강직, 연하곤란, 빈맥, 혈압변화, 발한, 지속성발기",이 약은 물과 함께 정제 그대로 복용해야 한다. 정제를 씹거나 자르거나 분쇄해서는 안된다. 이 약은 음식과 함께 복용하여도 무관하다.
트라조돈염산염(Trazodone Hydrochloride),트리티코서방정,"운동성 마비, 심한 근육강직, 연하곤란, 빈맥, 혈압변화, 발한, 지속성발기",이 약은 물과 함께 정제 그대로 복용해야 한다. 정제를 씹거나 자르거나 분쇄해서는 안된다. 이 약은 음식과 함께 복용하여도 무관하다.
트라조돈염산염(Trazodone Hydrochloride),명인트라조돈캡슐,"운동성 마비, 심한 근육강직, 연하곤란, 빈맥, 혈압변화, 발한, 지속성발기",이 약은 물과 함께 정제 그대로 복용해야 한다. 정제를 씹거나 자르거나 분쇄해서는 안된다. 이 약은 음식과 함께 복용하여도 무관하다.
트라조돈염산염(Trazodone Hydrochloride),환인트라조돈염산염캡슐,"운동성 마비, 심한 근육강직, 연하곤란, 빈맥, 혈압변화, 발한, 지속성발기",이 약은 물과 함께 정제 그대로 복용해야 한다. 정제를 씹거나 자르거나 분쇄해서는 안된다. 이 약은 음식과 함께 복용하여도 무관하다.
벤라팍신염산염(Venlafaxine Hydrochloride),베넥사엑스알서방캡슐,"구역, 불면증, 졸음, 무력증",이 약은 물과 함께 정제 그대로 복용해야 한다. 정제를 씹거나 자르거나 분쇄해서는 안된다. 이 약은 음식과 함께 복용하여도 무관하다.
벤라팍신염산염(Venlafaxine Hydrochloride),베라칸서방캡슐,"구역, 불면증, 졸음, 무력증",이 약은 물과 함께 정제 그대로 복용해야 한다. 정제를 씹거나 자르거나 분쇄해서는 안된다. 이 약은 음식과 함께 복용하여도 무관하다.
벤라팍신염산염(Venlafaxine Hydrochloride),벤라팩트서방캡슐,"구역, 불면증, 졸음, 무력증",이 약은 물과 함께 정제 그대로 복용해야 한다. 정제를 씹거나 자르거나 분쇄해서는 안된다. 이 약은 음식과 함께 복용하여도 무관하다.
벤라팍신염산염(Venlafaxine Hydrochloride),벤팍신서방캡슐,"구역, 불면증, 졸음, 무력증",이 약은 물과 함께 정제 그대로 복용해야 한다. 정제를 씹거나 자르거나 분쇄해서는 안된다. 이 약은 음식과 함께 복용하여도 무관하다.
벤라팍신염산염(Venlafaxine Hydrochloride),이팩사엑스알서방캡슐,"구역, 불면증, 졸음, 무력증",이 약은 물과 함께 정제 그대로 복용해야 한다. 정제를 씹거나 자르거나 분쇄해서는 안된다. 이 약은 음식과 함께 복용하여도 무관하다.
벤라팍신염산염(Venlafaxine Hydrochloride),코팩사엑스알서방캡슐,"구역, 불면증, 졸음, 무력증",이 약은 물과 함께 정제 그대로 복용해야 한다. 정제를 씹거나 자르거나 분쇄해서는 안된다. 이 약은 음식과 함께 복용하여도 무관하다.
벤라팍신염산염(Venlafaxine Hydrochloride),파마벤라팍신서방캡슐,"구역, 불면증, 졸음, 무력증",이 약은 물과 함께 정제 그대로 복용해야 한다. 정제를 씹거나 자르거나 분쇄해서는 안된다. 이 약은 음식과 함께 복용하여도 무관하다.
알프라졸람(Alprazolam),명문알프라졸람정,"우울, 진정, 졸림, 실조, 기억력 장애, 구음장애, 어지러움, 두통, 변비, 구강건조",이 약은 물과 함께 정제 그대로 복용해야 한다. 정제를 씹거나 자르거나 분쇄해서는 안된다. 이 약은 음식과 함께 복용하여도 무관하다.
알프라졸람(Alprazolam),아졸락정,"우울, 진정, 졸림, 실조, 기억력 장애, 구음장애, 어지러움, 두통, 변비, 구강건조",이 약은 물과 함께 정제 그대로 복용해야 한다. 정제를 씹거나 자르거나 분쇄해서는 안된다. 이 약은 음식과 함께 복용하여도 무관하다.
알프라졸람(Alprazolam),알프라낙스정,"우울, 진정, 졸림, 실조, 기억력 장애, 구음장애, 어지러움, 두통, 변비, 구강건조",이 약은 물과 함께 정제 그대로 복용해야 한다. 정제를 씹거나 자르거나 분쇄해서는 안된다. 이 약은 음식과 함께 복용하여도 무관하다.
알프라졸람(Alprazolam),알프라원정,"우울, 진정, 졸림, 실조, 기억력 장애, 구음장애, 어지러움, 두통, 변비, 구강건조",이 약은 물과 함께 정제 그대로 복용해야 한다. 정제를 씹거나 자르거나 분쇄해서는 안된다. 이 약은 음식과 함께 복용하여도 무관하다.
알프라졸람(Alprazolam),알프람정,"우울, 진정, 졸림, 실조, 기억력 장애, 구음장애, 어지러움, 두통, 변비, 구강건조",이 약은 물과 함께 정제 그대로 복용해야 한다. 정제를 씹거나 자르거나 분쇄해서는 안된다. 이 약은 음식과 함께 복용하여도 무관하다.
알프라졸람(Alprazolam),자나팜정,"우울, 진정, 졸림, 실조, 기억력 장애, 구음장애, 어지러움, 두통, 변비, 구강건조",이 약은 물과 함께 정제 그대로 복용해야 한다. 정제를 씹거나 자르거나 분쇄해서는 안된다. 이 약은 음식과 함께 복용하여도 무관하다.
알프라졸람(Alprazolam),자낙스정,"우울, 진정, 졸림, 실조, 기억력 장애, 구음장애, 어지러움, 두통, 변비, 구강건조",이 약은 물과 함께 정제 그대로 복용해야 한다. 정제를 씹거나 자르거나 분쇄해서는 안된다. 이 약은 음식과 함께 복용하여도 무관하다.
알프라졸람(Alprazolam),자세틴정,"우울, 진정, 졸림, 실조, 기억력 장애, 구음장애, 어지러움, 두통, 변비, 구강건조",이 약은 물과 함께 정제 그대로 복용해야 한다. 정제를 씹거나 자르거나 분쇄해서는 안된다. 이 약은 음식과 함께 복용하여도 무관하다.
알프라졸람(Alprazolam),자이렌정,"우울, 진정, 졸림, 실조, 기억력 장애, 구음장애, 어지러움, 두통, 변비, 구강건조",이 약은 물과 함께 정제 그대로 복용해야 한다. 정제를 씹거나 자르거나 분쇄해서는 안된다. 이 약은 음식과 함께 복용하여도 무관하다.
알프라졸람(Alprazolam),한림알프라졸람정,"우울, 진정, 졸림, 실조, 기억력 장애, 구음장애, 어지러움, 두통, 변비, 구강건조",이 약은 물과 함께 정제 그대로 복용해야 한다. 정제를 씹거나 자르거나 분쇄해서는 안된다. 이 약은 음식과 함께 복용하여도 무관하다.
알프라졸람(Alprazolam),명문알프라졸람정,"파킨슨, 정좌불능증,졸림, 어지러움, 진정, 진전, 근육긴장이상",이 약은 물과 함께 정제 그대로 복용해야 한다. 정제를 씹거나 자르거나 분쇄해서는 안된다. 이 약은 음식과 함께 복용하여도 무관하다.
알프라졸람(Alprazolam),아졸락정,"파킨슨, 정좌불능증,졸림, 어지러움, 진정, 진전, 근육긴장이상",이 약은 물과 함께 정제 그대로 복용해야 한다. 정제를 씹거나 자르거나 분쇄해서는 안된다. 이 약은 음식과 함께 복용하여도 무관하다.
알프라졸람(Alprazolam),알프라낙스정,"파킨슨, 정좌불능증,졸림, 어지러움, 진정, 진전, 근육긴장이상",이 약은 물과 함께 정제 그대로 복용해야 한다. 정제를 씹거나 자르거나 분쇄해서는 안된다. 이 약은 음식과 함께 복용하여도 무관하다.
알프라졸람(Alprazolam),알프라원정,"파킨슨, 정좌불능증,졸림, 어지러움, 진정, 진전, 근육긴장이상",이 약은 물과 함께 정제 그대로 복용해야 한다. 정제를 씹거나 자르거나 분쇄해서는 안된다. 이 약은 음식과 함께 복용하여도 무관하다.
알프라졸람(Alprazolam),알프람정,"파킨슨, 정좌불능증,졸림, 어지러움, 진정, 진전, 근육긴장이상",이 약은 물과 함께 정제 그대로 복용해야 한다. 정제를 씹거나 자르거나 분쇄해서는 안된다. 이 약은 음식과 함께 복용하여도 무관하다.
알프라졸람(Alprazolam),자나팜정,"파킨슨, 정좌불능증,졸림, 어지러움, 진정, 진전, 근육긴장이상",이 약은 물과 함께 정제 그대로 복용해야 한다. 정제를 씹거나 자르거나 분쇄해서는 안된다. 이 약은 음식과 함께 복용하여도 무관하다.
알프라졸람(Alprazolam),자낙스정,"파킨슨, 정좌불능증,졸림, 어지러움, 진정, 진전, 근육긴장이상",이 약은 물과 함께 정제 그대로 복용해야 한다. 정제를 씹거나 자르거나 분쇄해서는 안된다. 이 약은 음식과 함께 복용하여도 무관하다.
알프라졸람(Alprazolam),자세틴정,"파킨슨, 정좌불능증,졸림, 어지러움, 진정, 진전, 근육긴장이상",이 약은 물과 함께 정제 그대로 복용해야 한다. 정제를 씹거나 자르거나 분쇄해서는 안된다. 이 약은 음식과 함께 복용하여도 무관하다.
알프라졸람(Alprazolam),자이렌정,"파킨슨, 정좌불능증,졸림, 어지러움, 진정, 진전, 근육긴장이상",이 약은 물과 함께 정제 그대로 복용해야 한다. 정제를 씹거나 자르거나 분쇄해서는 안된다. 이 약은 음식과 함께 복용하여도 무관하다.
알프라졸람(Alprazolam),한림알프라졸람정,"파킨슨, 정좌불능증,졸림, 어지러움, 진정, 진전, 근육긴장이상",이 약은 물과 함께 정제 그대로 복용해야 한다. 정제를 씹거나 자르거나 분쇄해서는 안된다. 이 약은 음식과 함께 복용하여도 무관하다.
할로페리돌(Haloperidol),명인할로페리돌정,"심혈관계이상, 신경이완제악성증후군, 추체외로중상, 지발성 운동장애",이 약은 물과 함께 정제 그대로 복용해야 한다. 정제를 씹거나 자르거나 분쇄해서는 안된다. 이 약은 음식과 함께 복용하여도 무관하다.
할로페리돌(Haloperidol),페리돌정,"심혈관계이상, 신경이완제악성증후군, 추체외로중상, 지발성 운동장애",이 약은 물과 함께 정제 그대로 복용해야 한다. 정제를 씹거나 자르거나 분쇄해서는 안된다. 이 약은 음식과 함께 복용하여도 무관하다.
할로페리돌(Haloperidol),뉴로자핀정,"심혈관계이상, 신경이완제악성증후군, 추체외로중상, 지발성 운동장애",이 약은 물과 함께 정제 그대로 복용해야 한다. 정제를 씹거나 자르거나 분쇄해서는 안된다. 이 약은 음식과 함께 복용하여도 무관하다.
올란자핀(Olanzapine),산도스올란자핀정,"졸음과 체중증가, 호산구증가증, 프로락틴, 콜레스테롤, 혈당 및 중성지방 수치 상승, 당뇨, 식욕 증가, 정좌불능증, 파킨슨증, 백혈구감소증, 중성구감소증, 운동 이상증, 기립성 저혈압, 항콜린 작용, 간 트랜스아미나제의 일시적인 증상이 없는 상승, 발진, 무력증, 피로, 발열, 관절통, 알칼리 인산분해효소 증가, 감마 글루타밀 전이효소(GGT) 상승, 요산 상승, 크레아틴인산활성효소 상승, 부종",이 약은 물과 함께 정제 그대로 복용해야 한다. 정제를 씹거나 자르거나 분쇄해서는 안된다. 이 약은 음식과 함께 복용하여도 무관하다.
올란자핀(Olanzapine),에이프렉사정,"졸음과 체중증가, 호산구증가증, 프로락틴, 콜레스테롤, 혈당 및 중성지방 수치 상승, 당뇨, 식욕 증가, 정좌불능증, 파킨슨증, 백혈구감소증, 중성구감소증, 운동 이상증, 기립성 저혈압, 항콜린 작용, 간 트랜스아미나제의 일시적인 증상이 없는 상승, 발진, 무력증, 피로, 발열, 관절통, 알칼리 인산분해효소 증가, 감마 글루타밀 전이효소(GGT) 상승, 요산 상승, 크레아틴인산활성효소 상승, 부종",이 약은 물과 함께 정제 그대로 복용해야 한다. 정제를 씹거나 자르거나 분쇄해서는 안된다. 이 약은 음식과 함께 복용하여도 무관하다.
올란자핀(Olanzapine),영진올란자핀정,"졸음과 체중증가, 호산구증가증, 프로락틴, 콜레스테롤, 혈당 및 중성지방 수치 상승, 당뇨, 식욕 증가, 정좌불능증, 파킨슨증, 백혈구감소증, 중성구감소증, 운동 이상증, 기립성 저혈압, 항콜린 작용, 간 트랜스아미나제의 일시적인 증상이 없는 상승, 발진, 무력증, 피로, 발열, 관절통, 알칼리 인산분해효소 증가, 감마 글루타밀 전이효소(GGT) 상승, 요산 상승, 크레아틴인산활성효소 상승, 부종",이 약은 물과 함께 정제 그대로 복용해야 한다. 정제를 씹거나 자르거나 분쇄해서는 안된다. 이 약은 음식과 함께 복용하여도 무관하다.
올란자핀(Olanzapine),올라핀정,"졸음과 체중증가, 호산구증가증, 프로락틴, 콜레스테롤, 혈당 및 중성지방 수치 상승, 당뇨, 식욕 증가, 정좌불능증, 파킨슨증, 백혈구감소증, 중성구감소증, 운동 이상증, 기립성 저혈압, 항콜린 작용, 간 트랜스아미나제의 일시적인 증상이 없는 상승, 발진, 무력증, 피로, 발열, 관절통, 알칼리 인산분해효소 증가, 감마 글루타밀 전이효소(GGT) 상승, 요산 상승, 크레아틴인산활성효소 상승, 부종",이 약은 물과 함께 정제 그대로 복용해야 한다. 정제를 씹거나 자르거나 분쇄해서는 안된다. 이 약은 음식과 함께 복용하여도 무관하다.
올란자핀(Olanzapine),올자펙스정,"졸음과 체중증가, 호산구증가증, 프로락틴, 콜레스테롤, 혈당 및 중성지방 수치 상승, 당뇨, 식욕 증가, 정좌불능증, 파킨슨증, 백혈구감소증, 중성구감소증, 운동 이상증, 기립성 저혈압, 항콜린 작용, 간 트랜스아미나제의 일시적인 증상이 없는 상승, 발진, 무력증, 피로, 발열, 관절통, 알칼리 인산분해효소 증가, 감마 글루타밀 전이효소(GGT) 상승, 요산 상승, 크레아틴인산활성효소 상승, 부종",이 약은 물과 함께 정제 그대로 복용해야 한다. 정제를 씹거나 자르거나 분쇄해서는 안된다. 이 약은 음식과 함께 복용하여도 무관하다.
올란자핀(Olanzapine),올자핀정,"졸음과 체중증가, 호산구증가증, 프로락틴, 콜레스테롤, 혈당 및 중성지방 수치 상승, 당뇨, 식욕 증가, 정좌불능증, 파킨슨증, 백혈구감소증, 중성구감소증, 운동 이상증, 기립성 저혈압, 항콜린 작용, 간 트랜스아미나제의 일시적인 증상이 없는 상승, 발진, 무력증, 피로, 발열, 관절통, 알칼리 인산분해효소 증가, 감마 글루타밀 전이효소(GGT) 상승, 요산 상승, 크레아틴인산활성효소 상승, 부종",이 약은 물과 함께 정제 그대로 복용해야 한다. 정제를 씹거나 자르거나 분쇄해서는 안된다. 이 약은 음식과 함께 복용하여도 무관하다.
올란자핀(Olanzapine),자이자핀정,"졸음과 체중증가, 호산구증가증, 프로락틴, 콜레스테롤, 혈당 및 중성지방 수치 상승, 당뇨, 식욕 증가, 정좌불능증, 파킨슨증, 백혈구감소증, 중성구감소증, 운동 이상증, 기립성 저혈압, 항콜린 작용, 간 트랜스아미나제의 일시적인 증상이 없는 상승, 발진, 무력증, 피로, 발열, 관절통, 알칼리 인산분해효소 증가, 감마 글루타밀 전이효소(GGT) 상승, 요산 상승, 크레아틴인산활성효소 상승, 부종",이 약은 물과 함께 정제 그대로 복용해야 한다. 정제를 씹거나 자르거나 분쇄해서는 안된다. 이 약은 음식과 함께 복용하여도 무관하다.
올란자핀(Olanzapine),자이프렉사자이디스확산정,"졸음과 체중증가, 호산구증가증, 프로락틴, 콜레스테롤, 혈당 및 중성지방 수치 상승, 당뇨, 식욕 증가, 정좌불능증, 파킨슨증, 백혈구감소증, 중성구감소증, 운동 이상증, 기립성 저혈압, 항콜린 작용, 간 트랜스아미나제의 일시적인 증상이 없는 상승, 발진, 무력증, 피로, 발열, 관절통, 알칼리 인산분해효소 증가, 감마 글루타밀 전이효소(GGT) 상승, 요산 상승, 크레아틴인산활성효소 상승, 부종",이 약은 물과 함께 정제 그대로 복용해야 한다. 정제를 씹거나 자르거나 분쇄해서는 안된다. 이 약은 음식과 함께 복용하여도 무관하다.
올란자핀(Olanzapine),자이프렉사정,"졸음과 체중증가, 호산구증가증, 프로락틴, 콜레스테롤, 혈당 및 중성지방 수치 상승, 당뇨, 식욕 증가, 정좌불능증, 파킨슨증, 백혈구감소증, 중성구감소증, 운동 이상증, 기립성 저혈압, 항콜린 작용, 간 트랜스아미나제의 일시적인 증상이 없는 상승, 발진, 무력증, 피로, 발열, 관절통, 알칼리 인산분해효소 증가, 감마 글루타밀 전이효소(GGT) 상승, 요산 상승, 크레아틴인산활성효소 상승, 부종",이 약은 물과 함께 정제 그대로 복용해야 한다. 정제를 씹거나 자르거나 분쇄해서는 안된다. 이 약은 음식과 함께 복용하여도 무관하다.
올란자핀(Olanzapine),자이피스오디정,"졸음과 체중증가, 호산구증가증, 프로락틴, 콜레스테롤, 혈당 및 중성지방 수치 상승, 당뇨, 식욕 증가, 정좌불능증, 파킨슨증, 백혈구감소증, 중성구감소증, 운동 이상증, 기립성 저혈압, 항콜린 작용, 간 트랜스아미나제의 일시적인 증상이 없는 상승, 발진, 무력증, 피로, 발열, 관절통, 알칼리 인산분해효소 증가, 감마 글루타밀 전이효소(GGT) 상승, 요산 상승, 크레아틴인산활성효소 상승, 부종",이 약은 물과 함께 정제 그대로 복용해야 한다. 정제를 씹거나 자르거나 분쇄해서는 안된다. 이 약은 음식과 함께 복용하여도 무관하다.
올란자핀(Olanzapine),테바올란자핀정,"졸음과 체중증가, 호산구증가증, 프로락틴, 콜레스테롤, 혈당 및 중성지방 수치 상승, 당뇨, 식욕 증가, 정좌불능증, 파킨슨증, 백혈구감소증, 중성구감소증, 운동 이상증, 기립성 저혈압, 항콜린 작용, 간 트랜스아미나제의 일시적인 증상이 없는 상승, 발진, 무력증, 피로, 발열, 관절통, 알칼리 인산분해효소 증가, 감마 글루타밀 전이효소(GGT) 상승, 요산 상승, 크레아틴인산활성효소 상승, 부종",이 약은 물과 함께 정제 그대로 복용해야 한다. 정제를 씹거나 자르거나 분쇄해서는 안된다. 이 약은 음식과 함께 복용하여도 무관하다.
올란자핀(Olanzapine),피엠에스올란자핀정,"졸음과 체중증가, 호산구증가증, 프로락틴, 콜레스테롤, 혈당 및 중성지방 수치 상승, 당뇨, 식욕 증가, 정좌불능증, 파킨슨증, 백혈구감소증, 중성구감소증, 운동 이상증, 기립성 저혈압, 항콜린 작용, 간 트랜스아미나제의 일시적인 증상이 없는 상승, 발진, 무력증, 피로, 발열, 관절통, 알칼리 인산분해효소 증가, 감마 글루타밀 전이효소(GGT) 상승, 요산 상승, 크레아틴인산활성효소 상승, 부종",이 약은 물과 함께 정제 그대로 복용해야 한다. 정제를 씹거나 자르거나 분쇄해서는 안된다. 이 약은 음식과 함께 복용하여도 무관하다.
졸피뎀타르타르산염 (Zolpidem Tartrate),스립정,"두통, 어지러움, 불면증 악화, 선행성 건망증, 환각, 초조, 악몽, 우울",이 약은 물과 함께 정제 그대로 복용해야 한다. 정제를 씹거나 자르거나 분쇄해서는 안된다. 이 약은 음식과 함께 복용하여도 무관하다.
졸피뎀타르타르산염 (Zolpidem Tartrate),스틸녹스정,"두통, 어지러움, 불면증 악화, 선행성 건망증, 환각, 초조, 악몽, 우울",이 약은 물과 함께 정제 그대로 복용해야 한다. 정제를 씹거나 자르거나 분쇄해서는 안된다. 이 약은 음식과 함께 복용하여도 무관하다.
졸피뎀타르타르산염 (Zolpidem Tartrate),스틸녹스CR정,"두통, 어지러움, 불면증 악화, 선행성 건망증, 환각, 초조, 악몽, 우울",이 약은 물과 함께 정제 그대로 복용해야 한다. 정제를 씹거나 자르거나 분쇄해서는 안된다. 이 약은 음식과 함께 복용하여도 무관하다.
졸피뎀타르타르산염 (Zolpidem Tartrate),스틸렉스정,"두통, 어지러움, 불면증 악화, 선행성 건망증, 환각, 초조, 악몽, 우울",이 약은 물과 함께 정제 그대로 복용해야 한다. 정제를 씹거나 자르거나 분쇄해서는 안된다. 이 약은 음식과 함께 복용하여도 무관하다.
졸피뎀타르타르산염 (Zolpidem Tartrate),졸피드정,"두통, 어지러움, 불면증 악화, 선행성 건망증, 환각, 초조, 악몽, 우울",이 약은 물과 함께 정제 그대로 복용해야 한다. 정제를 씹거나 자르거나 분쇄해서는 안된다. 이 약은 음식과 함께 복용하여도 무관하다.
졸피뎀타르타르산염 (Zolpidem Tartrate),졸피람정,"두통, 어지러움, 불면증 악화, 선행성 건망증, 환각, 초조, 악몽, 우울",이 약은 물과 함께 정제 그대로 복용해야 한다. 정제를 씹거나 자르거나 분쇄해서는 안된다. 이 약은 음식과 함께 복용하여도 무관하다.
졸피뎀타르타르산염 (Zolpidem Tartrate),졸피신정,"두통, 어지러움, 불면증 악화, 선행성 건망증, 환각, 초조, 악몽, 우울",이 약은 물과 함께 정제 그대로 복용해야 한다. 정제를 씹거나 자르거나 분쇄해서는 안된다. 이 약은 음식과 함께 복용하여도 무관하다.
졸피뎀타르타르산염 (Zolpidem Tartrate),졸피움정,"두통, 어지러움, 불면증 악화, 선행성 건망증, 환각, 초조, 악몽, 우울",이 약은 물과 함께 정제 그대로 복용해야 한다. 정제를 씹거나 자르거나 분쇄해서는 안된다. 이 약은 음식과 함께 복용하여도 무관하다.
졸피뎀타르타르산염 (Zolpidem Tartrate),졸피원정,"두통, 어지러움, 불면증 악화, 선행성 건망증, 환각, 초조, 악몽, 우울",이 약은 물과 함께 정제 그대로 복용해야 한다. 정제를 씹거나 자르거나 분쇄해서는 안된다. 이 약은 음식과 함께 복용하여도 무관하다.
졸피뎀타르타르산염 (Zolpidem Tartrate),파마주석산졸피뎀정,"두통, 어지러움, 불면증 악화, 선행성 건망증, 환각, 초조, 악몽, 우울",이 약은 물과 함께 정제 그대로 복용해야 한다. 정제를 씹거나 자르거나 분쇄해서는 안된다. 이 약은 음식과 함께 복용하여도 무관하다.
졸피뎀타르타르산염 (Zolpidem Tartrate),졸민정,"두통, 어지러움, 불면증 악화, 선행성 건망증, 환각, 초조, 악몽, 우울",이 약은 물과 함께 정제 그대로 복용해야 한다. 정제를 씹거나 자르거나 분쇄해서는 안된다. 이 약은 음식과 함께 복용하여도 무관하다.
졸피뎀타르타르산염 (Zolpidem Tartrate),트리람정,"두통, 어지러움, 불면증 악화, 선행성 건망증, 환각, 초조, 악몽, 우울",이 약은 물과 함께 정제 그대로 복용해야 한다. 정제를 씹거나 자르거나 분쇄해서는 안된다. 이 약은 음식과 함께 복용하여도 무관하다.
